Year,Team,PlayerID,Name,Age,W,L,W-L%,ERA,G,GS,GF,CG,SHO,SV,IP,H,R,ER,HR,BB,IBB,SO,HBP,BK,WP,BF,WHIP,H9,HR9,BB9,SO9,SO/W
2009,Fukuoka Softbank Hawks,arakak001nag,Nagisa Arakaki,29,0,2,0,7.91,4,4,NA,0,0,0,19.1,31,17,17,5,10,0,15,1,0,3,95,2.121,14.4,2.3,4.7,7,1.5
2009,Fukuoka Softbank Hawks,falken001bri,Brian Falkenborg,31,6,0,1,1.74,46,0,NA,0,0,1,51.2,39,11,10,1,9,0,62,1,0,1,199,0.929,6.8,0.2,1.6,10.8,6.89
2009,Fukuoka Softbank Hawks,fujiok001yos,Yoshiaki Fujioka,24,5,8,0.385,4.6,38,14,NA,0,0,0,101.2,98,57,52,10,38,0,82,4,0,5,434,1.338,8.7,0.9,3.4,7.3,2.16
2009,Fukuoka Softbank Hawks,german001jus,Justin Germano,26,5,4,0.556,4.38,14,13,NA,1,0,0,76,92,40,37,6,10,0,42,6,2,0,328,1.342,10.9,0.7,1.2,5,4.2
2009,Fukuoka Softbank Hawks,houlto001den,D.J. Houlton,29,11,8,0.579,2.89,25,25,NA,3,0,0,171,137,58,55,22,43,0,138,6,0,2,680,1.053,7.2,1.2,2.3,7.3,3.21
2009,Fukuoka Softbank Hawks,iwasak001sho,Sho Iwasaki,19,0,1,0,6.23,1,1,NA,0,0,0,4.1,7,5,3,0,1,0,1,0,0,0,19,1.846,14.5,0,2.1,2.1,1
2009,Fukuoka Softbank Hawks,kamiuc001yas,Yasushi Kamiuchi*,25,2,3,0.4,3.89,26,2,NA,0,0,0,34.2,26,18,15,4,22,0,33,2,1,4,152,1.385,6.8,1,5.7,8.6,1.5
2009,Fukuoka Softbank Hawks,kattoh001kei,Keisuke Katto,25,0,0,NA,2.7,6,0,NA,0,0,0,6.2,5,3,2,1,1,0,4,1,0,1,28,0.9,6.8,1.4,1.4,5.4,4
2009,Fukuoka Softbank Hawks,kim---001mu-,Mu-Young Kim,23,0,0,NA,9,1,0,NA,0,0,0,1,1,1,1,0,1,0,1,0,0,0,5,2,9,0,9,9,1
2009,Fukuoka Softbank Hawks,kume--001yuk,Yuki Kume,23,1,0,1,2.37,18,0,NA,0,0,0,19,14,7,5,2,9,0,13,0,0,0,78,1.211,6.6,0.9,4.3,6.2,1.44
2009,Fukuoka Softbank Hawks,loe---001kam,Kameron Loe,27,0,4,0,6.33,5,5,NA,0,0,0,27,36,26,19,2,12,1,18,2,1,0,133,1.778,12,0.7,4,6,1.5
2009,Fukuoka Softbank Hawks,mahara001tak,Takahiro Mahara,27,4,3,0.571,2.16,53,0,NA,0,0,29,58.1,58,21,14,5,19,0,67,2,0,5,253,1.32,8.9,0.8,2.9,10.3,3.53
2009,Fukuoka Softbank Hawks,mise--001koj,Koji Mise*,33,0,1,0,6.3,17,0,NA,0,0,0,20,26,14,14,1,8,1,19,0,0,2,92,1.7,11.7,0.5,3.6,8.6,2.38
2009,Fukuoka Softbank Hawks,mizuta001aki,Akio Mizuta,35,3,0,1,3.19,46,0,NA,0,0,0,42.1,49,16,15,3,12,1,22,0,0,2,184,1.441,10.4,0.6,2.6,4.7,1.83
2009,Fukuoka Softbank Hawks,morifu001mas,Masahiko Morifuku*,22,0,0,NA,4.91,13,0,NA,0,0,0,11,12,7,6,1,3,0,11,1,0,0,49,1.364,9.8,0.8,2.5,9,3.67
2009,Fukuoka Softbank Hawks,oba---001sho,Shota Oba,24,1,4,0.2,4.26,22,12,NA,0,0,0,74,61,36,35,5,43,0,77,3,0,4,322,1.405,7.4,0.6,5.2,9.4,1.79
2009,Fukuoka Softbank Hawks,ogura-001shi,Shinsuke Ogura*,28,0,0,NA,Inf,1,0,NA,0,0,0,0,2,2,2,0,3,0,0,0,0,0,5,NA,NA,NA,NA,NA,0
2009,Fukuoka Softbank Hawks,ohtona001ken,Kenji Otonari*,24,8,10,0.444,4.59,26,21,NA,0,0,0,129.1,144,73,66,19,41,0,107,5,0,2,565,1.43,10,1.3,2.9,7.4,2.61
2009,Fukuoka Softbank Hawks,satoh-001mak,Makoto Sato,34,1,1,0.5,6.56,25,0,NA,0,0,0,23.1,35,18,17,5,8,0,14,0,0,1,110,1.843,13.5,1.9,3.1,5.4,1.75
2009,Fukuoka Softbank Hawks,settu-001tad,Tadashi Settsu,27,5,2,0.714,1.47,70,0,NA,0,0,0,79.2,51,13,13,3,35,2,102,1,0,3,321,1.079,5.8,0.3,4,11.5,2.91
2009,Fukuoka Softbank Hawks,sugiuc001tos,Toshiya Sugiuchi*,28,15,5,0.75,2.36,26,26,NA,6,1,0,191,145,59,50,14,63,1,204,4,0,7,764,1.089,6.8,0.7,3,9.6,3.24
2009,Fukuoka Softbank Hawks,takaha001hid,Hideaki Takahashi,26,3,4,0.429,4.91,12,8,NA,0,0,0,47.2,43,30,26,8,22,0,42,5,0,2,207,1.364,8.1,1.5,4.2,7.9,1.91
2009,Fukuoka Softbank Hawks,tatsum001shi,Shingo Tatsumi,22,0,0,NA,9,1,0,NA,0,0,0,1,1,1,1,1,1,0,1,0,0,0,5,2,9,9,9,9,1
2009,Fukuoka Softbank Hawks,wada--001tsu,Tsuyoshi Wada*,28,4,5,0.444,4.06,15,13,NA,1,1,0,84.1,72,39,38,13,24,0,87,1,0,1,337,1.138,7.7,1.4,2.6,9.3,3.63
2009,Fukuoka Softbank Hawks,yanase001aki,Akihiro Yanase,25,0,0,NA,18,3,0,NA,0,0,0,4,10,9,8,1,3,0,2,1,0,2,25,3.25,22.5,2.3,6.8,4.5,0.67
2009,Fukuoka Softbank Hawks,yang--001yao,Yao Hsun Yang*,26,0,0,NA,6.52,4,0,NA,0,0,0,9.2,12,10,7,0,6,0,10,2,0,0,48,1.862,11.2,0,5.6,9.3,1.67
