Year,Team,position,PlayerID,Name,G,Inn,PO,A,E,DP,Fld%,RF/G
1981,Hankyu Braves,3B,shimat000kin,Kinji Shimatani,107,NA,NA,NA,NA,NA,NA,NA
1981,Hankyu Braves,3B,matsun002hir,Hiromi Matsunaga,53,NA,NA,NA,NA,NA,NA,NA
1981,Hankyu Braves,3B,yagi--000shi,Shigeru Yagi,22,NA,NA,NA,NA,NA,NA,NA
1981,Hankyu Braves,3B,yoshiz000tos,Toshiyuki Yoshizawa,9,NA,NA,NA,NA,NA,NA,NA
1981,Hankyu Braves,3B,fujimo000mas,Masaharu Fujimoto,3,NA,NA,NA,NA,NA,NA,NA
1981,Hankyu Braves,3B,hiraba000jir,Jiro Hirabayashi,1,NA,NA,NA,NA,NA,NA,NA
1981,Hankyu Braves,3B,minoda000koj,Koji Minoda,1,NA,NA,NA,NA,NA,NA,NA
