Year,Team,position,PlayerID,Name,G,Inn,PO,A,E,DP,Fld%,RF/G
1997,Yokohama Bay Stars,3B,shindo001tat,Tatsuya Shindo,111,NA,NA,NA,NA,NA,NA,NA
1997,Yokohama Bay Stars,3B,arai--001kiy,Kiyoshi Arai,18,NA,NA,NA,NA,NA,NA,NA
1997,Yokohama Bay Stars,3B,selby-001wil,Bill Selby,18,NA,NA,NA,NA,NA,NA,NA
1997,Yokohama Bay Stars,3B,manei-001tak,Takashi Manei,8,NA,NA,NA,NA,NA,NA,NA
1997,Yokohama Bay Stars,3B,kawaba001kaz,Kazuaki Kawabata,7,NA,NA,NA,NA,NA,NA,NA
1997,Yokohama Bay Stars,3B,ishii-001yos,Yoshihito Ishii,6,NA,NA,NA,NA,NA,NA,NA
1997,Yokohama Bay Stars,3B,nagaik001yas,Yasuo Nagaike,4,NA,NA,NA,NA,NA,NA,NA
1997,Yokohama Bay Stars,3B,miyaga000kaz,Kazuhiko Miyakawa,3,NA,NA,NA,NA,NA,NA,NA
1997,Yokohama Bay Stars,3B,haru--001tos,Toshio Haru,1,NA,NA,NA,NA,NA,NA,NA
